sequence	identity	haplotype.score
CCAGCCAGGCCCTGGGGAC	1	-3.5944983994888253
CACCGCCTGCACTTACTCT	0.8421052631578947	-3.5944983998253206
ACTTTCACCACCAGGGGGT	1	-3.5944983996182462
GCGCGGGCACCGCCCCCT	0.8333333333333334	-3.5944983992506896
CCTGGCCTTGCCCAGCCC	0.8333333333333334	-19.38644144842872
CACTTCACCACCAGGGGG	1	-3.5944983994215254
GCAGTGACCTCTAGTGG	1	-3.5944983995457713
GCAGGGGACAGAGCACG	1	-3.5944983997631987
CCTTGTGGTCAGAAAGG	1	-3.5944983992248054
CCTTGGGCCTGGCGGGG	1	-3.594498399706253
CATGAAATTGTTTCCTT	0.6470588235294118	-38.10498378891741
CACCGCCCCCTGGCGGC	0.8823529411764706	-38.667471282815725
CACCGCATAGGAAAGGC	1	-3.5944983997373137
CACCACCAGCCAGGTCT	1	-22.155568684476176
ATTGTTGGGCCTTGGGC	0.8823529411764706	-3.594498399871912
ATTAATACATGTCAGTG	0.9411764705882353	-3.5944983998408504
GCTCCTCCCAGAAGGC	1	-3.594498399871912
CAGGCACCTGCAGTTC	0.75	-36.90657477286813
CACCGCGCAGGCCATG	0.8125	-3.594498399944388
ATAATATTTAAGGAAA	1	-3.5944983999392113
AGGGACACCTGGAGTG	1	-3.5944983996700146
AGCTGTAGAGCACCTG	1	-3.594498399835674
AAGTAGAGGACCTGGG	1	-3.5944983997424913
GCAGTTAATAGGAAA	1	-3.5944983997735536
CCTTGGGCAGTGAAG	1	-3.594498399602716
CCTGGCTTATTGTTG	0.6666666666666666	-3.5944983995820077
CCAGCCAGGCTGGGG	1	-3.5944983993490505
CCAGCCACCGCTCTC	0.7333333333333333	-37.46207834957885
CAGGCTTCCAGCTAG	1	-3.594498399416351
ATAGGGAAGGTACTA	0.6666666666666666	-52.67593760176742
ATAAGCCAGGCACCT	1	-3.594498399664837
ACCCCACTTTCACTT	1	-3.5944983996751914
AAGGTAGATTGGTTG	0.8666666666666667	-37.16881910858589
CCTGGGCCCCTTGC	0.7142857142857143	-38.41805978170627
CCTGGCGACAGCAG	1	-3.594498398924548
CCAGCCAGGCACTT	1	-3.594498399442234
CACCGCCTGGGCCA	1	-3.5944983997890834
CACCGCCATCTCAT	1	-3.594498399587186
ATCAGGGATCAGGG	1	-3.5944983995613016
ATAATAATAGGCCA	1	-36.92929704883596
AGGACCCTGGGAAA	1	-3.5944983996751922
AAGGTAGATAAGGC	1	-3.0931684138689954
AAGGTAGATAAGGC	1	-3.0931684138689954
AAGGTAACCTGGTC	1	-3.5944983998719136
GCCCCCCACCGCC	1	-3.5944983998304982
CCTTGTAATGTCA	1	-3.594498399659662
CCTGGATCTGGGC	0.8461538461538461	-3.5944983999392113
CCCACAAGTACAG	1	-39.42071975762193
CCAGCCAGGACGT	1	-3.594498399385288
CACCGCCACATCT	1	-3.594498399525064
CACCACGAGCAGG	1	-3.5944983994163495
CACCACCTTGTGG	1	-3.594498399359403
CACCACCGCCCCC	0.9230769230769231	-3.594498399566479
CACCACCGCCACC	1	-3.594498399566479
ATACTCCCTGGTG	1	-3.5944983996907234
ATAATAGGCCACA	1	-3.594498399250689
AAGTCCCTGGGAA	1	-3.594498399659662
GAGCCAGAAACT	1	-20.651578727947356
CAGGCACTTAGC	1	-3.5944983995664788
CAGGCACCGCTC	1	-3.594498399742492
CAGAAAGAACTC	0.75	-21.65423869963546
CACTTAATAATA	0.75	-18.56611048970491
CACGGCAGGGCT	1	-3.594498399556124
CACGGCACTGTT	1	-3.5944983996958997
CACCACCACAGG	1	-3.5944983988934878
CACACCCCATCT	1	-21.654238698913293
CACACCCACGCC	1	-3.594498399701077
CAAGGATTGGGC	0.9166666666666666	-38.048596833785794
ATGTCCTTAGGA	1	-3.5944983996958983
ATCAGGATAAAT	0.9166666666666666	-53.34850676205378
ATACCCCATCTT	1	-3.5944983997217848
AGGTTCTAGGTT	1	-3.594498399695899
AGGAGCTGCTTC	0.9166666666666666	-21.360979457640095
AGGAAGGACAGA	1	-3.5944983996803685
AGATACTCTTTC	1	-3.5944983996493085
AGAACCTGGCTT	1	-3.5944983997683746
AATGTAAATAGG	0.8333333333333334	-3.5944983996700146
GCAAGATAGAA	1	-3.594498399799437
GAGCCAGAACG	1	-3.5944983998615583
CTTGAGAACTG	1	-3.5944983995250626
CGACAAGGACC	0.9090909090909091	-40.71663893522894
CAGGCTTCTGC	0.9090909090909091	-38.04859683268779
CAGGCTTCCTC	1	-3.5944983996027178
CACGGAGTACA	1	-3.5944983996493085
CACCACGGAGT	1	-3.594498399592363
CACCACCGCCC	1	-3.5944983996027173
CACCACCGCAT	1	-3.594498399597539
ATAATAGAACT	1	-3.5944983996803685
ATAAGGGTTTA	1	-3.594498399918504
AGTACACAACT	1	-3.5944983996078927
AGGACCCCCTA	0.9090909090909091	-20.490186521238627
AGGAAGCTTCA	1	-3.5944983995302398
GCAGTGCAAT	1	-3.5944983997269597
GCAGTGAGAC	1	-3.5944983997580207
CAGGCTTCCC	1	-3.594498398541461
CACCACCACA	1	-3.5944983993128132
ATTAATCAGA	0.9	-39.12746051447529
ATTAATAATC	1	-36.91406982896724
ATGTCCTTCT	1	-3.5944983995975384
ATGTAAATCT	0.9	-20.65157872793894
ATCAGGACAC	1	-3.5944983994577644
ATACTTTCAC	1	-3.5944983993542277
ATAATAATAG	1	-3.0931684135635584
ATAAGGTCTT	0.9	-36.07445201162433
ATAAGCTTCC	1	-3.594498399571655
AAGGCAAGAT	0.9	-38.91938976409876
GCAGTGAGA	1	-3.0931684138638174
CGACAGCGC	1	-20.0259552456763
CAGGCTTCT	1	-3.093168413775813
CAGGCTTCC	1	-3.0931684134004906
ATGTAGTAC	1	-3.5944983995975384
ATAGGGAAA	1	-3.594498399416349
ATAGACCCT	1	-3.5944983994525876
ATACTTGGC	1	-3.5944983999547415
ATAAGCAGA	1	-3.5944983998822653
AGCGTCCTA	1	-36.383214669809256
AGATACTTG	1	-3.5944983998512057
