group	sequence	identity	haplotype.score
fwd	CCAGCCAGGCCCTGGGGAC	1	-3.5944983994888253
fwd	CACCGCCTGCACTTACTCT	0.8421052631578947	-3.5944983998253206
fwd	ACTTTCACCACCAGGGGGT	1	-3.5944983996182462
fwd	GCGCGGGCACCGCCCCCT	0.8333333333333334	-3.5944983992506896
fwd	CCTGGCCTTGCCCAGCCC	0.8333333333333334	-19.38644144842872
fwd	CACTTCACCACCAGGGGG	1	-3.5944983994215254
fwd	GCAGTGACCTCTAGTGG	1	-3.5944983995457713
fwd	GCAGGGGACAGAGCACG	1	-3.5944983997631987
fwd	CCTTGTGGTCAGAAAGG	1	-3.5944983992248054
fwd	CCTTGGGCCTGGCGGGG	1	-3.594498399706253
fwd	CATGAAATTGTTTCCTT	0.6470588235294118	-38.10498378891741
fwd	CACCGCCCCCTGGCGGC	0.8823529411764706	-38.667471282815725
fwd	CACCGCATAGGAAAGGC	1	-3.5944983997373137
fwd	CACCACCAGCCAGGTCT	1	-22.155568684476176
fwd	ATTGTTGGGCCTTGGGC	0.8823529411764706	-3.594498399871912
fwd	ATTAATACATGTCAGTG	0.9411764705882353	-3.5944983998408504
fwd	GCTCCTCCCAGAAGGC	1	-3.594498399871912
fwd	CAGGCACCTGCAGTTC	0.75	-36.90657477286813
fwd	CACCGCGCAGGCCATG	0.8125	-3.594498399944388
fwd	ATAATATTTAAGGAAA	1	-3.5944983999392113
fwd	AGGGACACCTGGAGTG	1	-3.5944983996700146
fwd	AGCTGTAGAGCACCTG	1	-3.594498399835674
fwd	AAGTAGAGGACCTGGG	1	-3.5944983997424913
fwd	GCAGTTAATAGGAAA	1	-3.5944983997735536
fwd	CCTTGGGCAGTGAAG	1	-3.594498399602716
fwd	CCTGGCTTATTGTTG	0.6666666666666666	-3.5944983995820077
fwd	CCAGCCAGGCTGGGG	1	-3.5944983993490505
fwd	CCAGCCACCGCTCTC	0.7333333333333333	-37.46207834957885
fwd	CAGGCTTCCAGCTAG	1	-3.594498399416351
fwd	ATAGGGAAGGTACTA	0.6666666666666666	-52.67593760176742
fwd	ATAAGCCAGGCACCT	1	-3.594498399664837
fwd	ACCCCACTTTCACTT	1	-3.5944983996751914
fwd	AAGGTAGATTGGTTG	0.8666666666666667	-37.16881910858589
fwd	CCTGGGCCCCTTGC	0.7142857142857143	-38.41805978170627
fwd	CCTGGCGACAGCAG	1	-3.594498398924548
fwd	CCAGCCAGGCACTT	1	-3.594498399442234
fwd	CACCGCCTGGGCCA	1	-3.5944983997890834
fwd	CACCGCCATCTCAT	1	-3.594498399587186
fwd	ATCAGGGATCAGGG	1	-3.5944983995613016
fwd	ATAATAATAGGCCA	1	-36.92929704883596
fwd	AGGACCCTGGGAAA	1	-3.5944983996751922
fwd	AAGGTAGATAAGGC	1	-3.0931684138689954
fwd	AAGGTAGATAAGGC	1	-3.0931684138689954
fwd	AAGGTAACCTGGTC	1	-3.5944983998719136
fwd	GCCCCCCACCGCC	1	-3.5944983998304982
fwd	CCTTGTAATGTCA	1	-3.594498399659662
fwd	CCTGGATCTGGGC	0.8461538461538461	-3.5944983999392113
fwd	CCCACAAGTACAG	1	-39.42071975762193
fwd	CCAGCCAGGACGT	1	-3.594498399385288
fwd	CACCGCCACATCT	1	-3.594498399525064
fwd	CACCACGAGCAGG	1	-3.5944983994163495
fwd	CACCACCTTGTGG	1	-3.594498399359403
fwd	CACCACCGCCCCC	0.9230769230769231	-3.594498399566479
fwd	CACCACCGCCACC	1	-3.594498399566479
fwd	ATACTCCCTGGTG	1	-3.5944983996907234
fwd	ATAATAGGCCACA	1	-3.594498399250689
fwd	AAGTCCCTGGGAA	1	-3.594498399659662
fwd	GAGCCAGAAACT	1	-20.651578727947356
fwd	CAGGCACTTAGC	1	-3.5944983995664788
fwd	CAGGCACCGCTC	1	-3.594498399742492
fwd	CAGAAAGAACTC	0.75	-21.65423869963546
fwd	CACTTAATAATA	0.75	-18.56611048970491
fwd	CACGGCAGGGCT	1	-3.594498399556124
fwd	CACGGCACTGTT	1	-3.5944983996958997
fwd	CACCACCACAGG	1	-3.5944983988934878
fwd	CACACCCCATCT	1	-21.654238698913293
fwd	CACACCCACGCC	1	-3.594498399701077
fwd	CAAGGATTGGGC	0.9166666666666666	-38.048596833785794
fwd	ATGTCCTTAGGA	1	-3.5944983996958983
fwd	ATCAGGATAAAT	0.9166666666666666	-53.34850676205378
fwd	ATACCCCATCTT	1	-3.5944983997217848
fwd	AGGTTCTAGGTT	1	-3.594498399695899
fwd	AGGAGCTGCTTC	0.9166666666666666	-21.360979457640095
fwd	AGGAAGGACAGA	1	-3.5944983996803685
fwd	AGATACTCTTTC	1	-3.5944983996493085
fwd	AGAACCTGGCTT	1	-3.5944983997683746
fwd	AATGTAAATAGG	0.8333333333333334	-3.5944983996700146
fwd	GCAAGATAGAA	1	-3.594498399799437
fwd	GAGCCAGAACG	1	-3.5944983998615583
fwd	CTTGAGAACTG	1	-3.5944983995250626
fwd	CGACAAGGACC	0.9090909090909091	-40.71663893522894
fwd	CAGGCTTCTGC	0.9090909090909091	-38.04859683268779
fwd	CAGGCTTCCTC	1	-3.5944983996027178
fwd	CACGGAGTACA	1	-3.5944983996493085
fwd	CACCACGGAGT	1	-3.594498399592363
fwd	CACCACCGCCC	1	-3.5944983996027173
fwd	CACCACCGCAT	1	-3.594498399597539
fwd	ATAATAGAACT	1	-3.5944983996803685
fwd	ATAAGGGTTTA	1	-3.594498399918504
fwd	AGTACACAACT	1	-3.5944983996078927
fwd	AGGACCCCCTA	0.9090909090909091	-20.490186521238627
fwd	AGGAAGCTTCA	1	-3.5944983995302398
fwd	GCAGTGCAAT	1	-3.5944983997269597
fwd	GCAGTGAGAC	1	-3.5944983997580207
fwd	CAGGCTTCCC	1	-3.594498398541461
fwd	CACCACCACA	1	-3.5944983993128132
fwd	ATTAATCAGA	0.9	-39.12746051447529
fwd	ATTAATAATC	1	-36.91406982896724
fwd	ATGTCCTTCT	1	-3.5944983995975384
fwd	ATGTAAATCT	0.9	-20.65157872793894
fwd	ATCAGGACAC	1	-3.5944983994577644
fwd	ATACTTTCAC	1	-3.5944983993542277
fwd	ATAATAATAG	1	-3.0931684135635584
fwd	ATAAGGTCTT	0.9	-36.07445201162433
fwd	ATAAGCTTCC	1	-3.594498399571655
fwd	AAGGCAAGAT	0.9	-38.91938976409876
fwd	GCAGTGAGA	1	-3.0931684138638174
fwd	CGACAGCGC	1	-20.0259552456763
fwd	CAGGCTTCT	1	-3.093168413775813
fwd	CAGGCTTCC	1	-3.0931684134004906
fwd	ATGTAGTAC	1	-3.5944983995975384
fwd	ATAGGGAAA	1	-3.594498399416349
fwd	ATAGACCCT	1	-3.5944983994525876
fwd	ATACTTGGC	1	-3.5944983999547415
fwd	ATAAGCAGA	1	-3.5944983998822653
fwd	AGCGTCCTA	1	-36.383214669809256
fwd	AGATACTTG	1	-3.5944983998512057
rev	CAGGGGTCCCGGACCGACC	0.7894736842105263	-56.18454084301895
rev	TCTCATTCACGTCCGCCAC	0.631578947368421	-69.75157724495352
rev	TGGGGGACCACCACTTTCA	0.5263157894736842	-19.218787156051324
rev	TCCCCCGCCACGGGCGCG	0.6111111111111112	-71.45703895301064
rev	CCCGACCCGTTCCGGTCC	0.8888888888888888	-73.30455356666653
rev	GGGGGACCACCACTTCAC	0.7222222222222222	-52.563066585239824
rev	GGTGATCTCCAGTGACG	0.47058823529411764	-22.15556867874021
rev	GCACGAGACAGGGGACG	0.8823529411764706	-56.62797863207807
rev	GGAAAGACTGGTGTTCC	0.4117647058823529	-20.49018651968143
rev	GGGGCGGTCCGGGTTCC	0.47058823529411764	-20.859649471365394
rev	TTCCTTTGTTAAAGTAC	0.7058823529411765	-57.27238930320712
rev	CGGCGGTCCCCCGCCAC	0.6470588235294118	-71.45703895301064
rev	CGGAAAGGATACGCCAC	0.5882352941176471	-21.360979456727243
rev	TCTGGACCGACCACCAC	0.5294117647058824	-36.535622087265715
rev	CGGGTTCCGGGTTGTTA	0.47058823529411764	-36.21605935449782
rev	GTGACTGTACATAATTA	0.5882352941176471	-38.01330855005267
rev	CGGAAGACCCTCCTCG	0.5625	-36.55599713280825
rev	CTTGACGTCCACGGAC	0.5625	-36.31757509797232
rev	GTACCGGACGCGCCAC	0.4375	-19.745497509966462
rev	AAAGGAATTTATAATA	0.5	-36.19206588238832
rev	GTGAGGTCCACAGGGA	0.6875	-37.33693942209029
rev	GTCCACGAGATGTCGA	0.625	-38.048596833932436
rev	GGGTCCAGGAGATGAA	0.875	-70.67015778988372
rev	AAAGGATAATTGACG	0.6666666666666666	-69.28238398107705
rev	GAAGTGACGGGTTCC	0.7333333333333333	-52.95081463008508
rev	GTTGTTATTCGGTCC	0.7333333333333333	-38.86149757979775
rev	GGGGTCGGACCGACC	0.8666666666666667	-56.37934026784185
rev	CTCTCGCCACCGACC	0.8666666666666667	-56.97913006833834
rev	GATCGACCTTCGGAC	0.8666666666666667	-87.93746465038338
rev	ATCATGGAAGGGATA	0.6666666666666666	-37.23029183323516
rev	TCCACGGACCGAATA	0.6666666666666666	-36.61083434020061
rev	TTCACTTTCACCCCA	0.4666666666666667	-19.720117142024964
rev	GTTGGTTAGATGGAA	0.8666666666666667	-55.23393687623882
rev	CGTTCCCCGGGTCC	0.7142857142857143	-40.71663882746226
rev	GACGACAGCGGTCC	0.7857142857142857	-37.34373070475062
rev	TTCACGGACCGACC	0.9285714285714286	-89.12833582073678
rev	ACCGGGTCCGCCAC	0.9285714285714286	-70.04671282230925
rev	TACTCTACCGCCAC	0.5714285714285714	-53.49717081203109
rev	GGGACTAGGGACTA	0.7142857142857143	-36.74967027054472
rev	ACCGGATAATAATA	0.6428571428571429	-3.0931684133720148
rev	AAAGGGTCCCAGGA	0.7857142857142857	-38.62613052771482
rev	CGGAATAGATGGAA	0.5714285714285714	-20.859649470903786
rev	CGGAATAGATGGAA	0.5714285714285714	-20.859649470903786
rev	CTGGTCCAATGGAA	0.7142857142857143	-54.08736630522264
rev	CCGCCACCCCCCG	1	-37.69744540149518
rev	ACTGTAATGTTCC	0.46153846153846156	-19.41859190828364
rev	CGGGTCTAGGTCC	0.6923076923076923	-36.59128541074095
rev	GACATGAACACCC	0.9230769230769231	-58.7763791604069
rev	TGCAGGACCGACC	0.9230769230769231	-54.47059908403977
rev	TCTACACCGCCAC	1	-56.41990788990612
rev	GGACGAGCACCAC	0.5384615384615384	-19.34074627847631
rev	GGTGTTCCACCAC	0.6923076923076923	-37.036952070420405
rev	CCCCCGCCACCAC	0.7692307692307693	-53.05810667770427
rev	CCACCGCCACCAC	0.9230769230769231	-20.991516505741295
rev	GTGGTCCCTCATA	0.8461538461538461	-35.44826985513848
rev	ACACCGGATAATA	0.9230769230769231	-55.63465126240053
rev	AAGGGTCCCTGAA	0.7692307692307693	-39.71397899927734
rev	TCAAAGACCGAG	0.9166666666666666	-54.018331134081606
rev	CGATTCACGGAC	0.9166666666666666	-56.97913006865176
rev	CTCGCCACGGAC	0.6666666666666666	-20.566390226864428
rev	CTCAAGAAAGAC	0.75	-39.42071975546231
rev	ATAATAATTCAC	1	-37.087809625478485
rev	TCGGGACGGCAC	0.75	-21.654238699024592
rev	TTGTCACGGCAC	0.9166666666666666	-21.65423869983477
rev	GGACACCACCAC	0.6666666666666666	-35.167528513721
rev	TCTACCCCACAC	0.9166666666666666	-54.1167071822612
rev	CCGCACCCACAC	0.9166666666666666	-57.11099710317072
rev	CGGGTTAGGAAC	0.9166666666666666	-53.94889405197055
rev	AGGATTCCTGTA	0.9166666666666666	-38.91938976693309
rev	TAAATAGGACTA	0.75	-37.46207834923487
rev	TTCTACCCCATA	0.9166666666666666	-37.55636465735935
rev	TTGGATCTTGGA	0.9166666666666666	-38.58702553054131
rev	AGACAGGAAGGA	0.9166666666666666	-40.215308981990376
rev	CTTTCTCATAGA	0.9166666666666666	-36.76790484120238
rev	TTCGGTCCAAGA	0.9166666666666666	-39.051256801222536
rev	GGATAAATGTAA	0.9166666666666666	-38.51463853659276
rev	AAGATAGAACG	0.8181818181818182	-3.594498399918505
rev	GCAAGACCGAG	0.5454545454545454	-19.953568253958423
rev	GTCAAGAGTTC	1	-21.36097945730705
rev	CCAGGAACAGC	0.9090909090909091	-37.207329070003816
rev	CGTCTTCGGAC	0.9090909090909091	-53.740823308329404
rev	CTCCTTCGGAC	0.9090909090909091	-37.731621819827524
rev	ACATGAGGCAC	0.9090909090909091	-39.71397899596804
rev	TGAGGCACCAC	0.9090909090909091	-53.43578865205926
rev	CCCGCCACCAC	0.9090909090909091	-52.02198812868088
rev	TACGCCACCAC	0.9090909090909091	-37.16348132485295
rev	TCAAGATAATA	0.9090909090909091	-39.309227768206334
rev	ATTTGGGAATA	0.9090909090909091	-38.18773293789812
rev	TCAACACATGA	0.8181818181818182	-38.448841717633414
rev	ATCCCCCAGGA	0.8181818181818182	-36.04894959627746
rev	ACTTCGAAGGA	1	-37.68640295178915
rev	TAACGTGACG	1	-39.55258678675177
rev	CAGAGTGACG	0.9	-54.554145654749405
rev	CTCTAAATAG	1	-38.54992681731857
rev	CCCTTCGGAC	0.9	-54.225899436714975
rev	ACACCACCAC	1	-20.10640099604724
rev	AGACTAATTA	1	-37.38587464047723
rev	CTAATAATTA	1	-36.562918394139494
rev	TCTTCCTGTA	1	-38.18773293519375
rev	TCTAAATGTA	0.9	-36.65159251980118
rev	CACAGGACTA	1	-36.73776438379895
rev	CACTTTCATA	1	-38.20998903949293
rev	GATAATAATA	0.9	-3.0931684133720148
rev	TTCTGGAATA	0.9	-37.00208911888594
rev	CCTTCGAATA	0.9	-53.53172592772246
rev	TAGAACGGAA	1	-22.155568684263923
rev	AGAGTGACG	1	-37.901816557593094
rev	AGCGACAGC	1	-19.15897902635066
rev	GCTGAAGAC	1	-37.43836257684917
rev	AAAGGGATA	1	-37.76749360927143
rev	TCCCAGATA	1	-20.300427293751543
rev	ATCCTGCGA	1	-51.97489225964085
rev	GTTCATAGA	1	-37.33021131437799
