Query_ID	Target_ID	Optimal_offset	p-value	E-value	q-value	Overlap	Query_consensus	Target_consensus	Orientation
chr8:139340963-139341162	MA0139.1	2	0.136925	0.136925	0.136925	9	ATAAGCAGA	TGGCCACCAGGGGGCGCTA	+
chr1:203273149-203273358	MA0139.1	-1	0.209817	0.209817	0.209817	13	AAGGTAACCTGGTC	TGGCCACCAGGGGGCGCTA	+
chr6:37692089-37692302	MA0139.1	10	0.749864	0.749864	0.749864	9	AAGGCAAGAT	TGGCCACCAGGGGGCGCTA	+
chr11:44037458-44037653	MA0139.1	5	0.268361	0.268361	0.268361	11	ATAAGGGTTTA	TGGCCACCAGGGGGCGCTA	+
chr12:76621571-76621759	MA0139.1	4	0.564847	0.564847	0.564847	15	ATAGGGAAGGTACTA	TGGCCACCAGGGGGCGCTA	+
chr10:110610376-110610554	MA0139.1	3	0.757235	0.757235	0.757235	14	AAGGTAGATAAGGC	TGGCCACCAGGGGGCGCTA	+
chr16:14529197-14529371	MA0139.1	-1	0.830906	0.830906	0.830906	14	AAGGTAGATTGGTTG	TGGCCACCAGGGGGCGCTA	+
chr1:75203782-75203977	MA0139.1	5	0.530459	0.530459	0.530459	10	ATAAGGTCTT	TGGCCACCAGGGGGCGCTA	+
chr17:38423741-38423929	MA0139.1	4	0.431331	0.431331	0.431331	15	AAGTAGAGGACCTGGG	TGGCCACCAGGGGGCGCTA	+
chr1:39816880-39817039	MA0139.1	10	0.894071	0.894071	0.894071	9	AAGTCCCTGGGAA	TGGCCACCAGGGGGCGCTA	+
chr7:149742246-149742434	MA0139.1	7	0.0515759	0.0515759	0.0515759	9	CAGAAGTCG	TGGCCACCAGGGGGCGCTA	+
chr8:60396925-60397110	MA0139.1	-1	0.428392	0.428392	0.428392	11	AATGTAAATAGG	TGGCCACCAGGGGGCGCTA	+
chr2:168773773-168773978	MA0139.1	2	0.267382	0.267382	0.267382	14	ATAATAATAGGCCA	TGGCCACCAGGGGGCGCTA	+
chr6:125314200-125314400	MA0139.1	5	0.168532	0.168532	0.168532	13	ATAATAGGCCACA	TGGCCACCAGGGGGCGCTA	+
chr10:7525522-7525716	MA0139.1	1	0.939903	0.939903	0.939903	9	ATAATCCAT	TGGCCACCAGGGGGCGCTA	+
chr7:48110245-48110423	MA0139.1	7	0.389011	0.389011	0.389011	8	AATCGGGC	TGGCCACCAGGGGGCGCTA	+
chr1:84945026-84945221	MA0139.1	8	0.467609	0.467609	0.467609	10	ATGTAAATCT	TGGCCACCAGGGGGCGCTA	+
chr1:179369850-179370008	MA0139.1	-2	0.851635	0.851635	0.851635	6	AATGTAAA	TGGCCACCAGGGGGCGCTA	+
chr1:204975724-204975909	MA0139.1	1	0.942082	0.942082	0.942082	12	CACACCCACGCC	TGGCCACCAGGGGGCGCTA	+
chr19:49717553-49717749	MA0139.1	4	0.766908	0.766908	0.766908	15	ACCCCACTTTCACTT	TGGCCACCAGGGGGCGCTA	+
chr1:28785165-28785367	MA0139.1	1	0.854231	0.854231	0.854231	12	ATACCCCATCTT	TGGCCACCAGGGGGCGCTA	+
chr2:26469192-26469353	MA0139.1	2	0.856844	0.856844	0.856844	12	CACACCCCATCT	TGGCCACCAGGGGGCGCTA	+
chr19:45427673-45427883	MA0139.1	8	0.210863	0.210863	0.210863	11	AGGACCCCCTA	TGGCCACCAGGGGGCGCTA	+
chr9:131762539-131762722	MA0139.1	1	0.102743	0.102743	0.102743	6	GACCTC	TGGCCACCAGGGGGCGCTA	+
chr15:42059803-42059985	MA0139.1	4	0.0181379	0.0181379	0.0181379	7	CACTTGG	TGGCCACCAGGGGGCGCTA	+
chr1:19918085-19918286	MA0139.1	6	0.209493	0.209493	0.209493	9	ATACTTGGC	TGGCCACCAGGGGGCGCTA	+
chr7:112898786-112898970	MA0139.1	3	0.68278	0.68278	0.68278	8	ATACTTTA	TGGCCACCAGGGGGCGCTA	+
chr19:49198959-49199146	MA0139.1	-3	0.801453	0.801453	0.801453	7	ATACTTTCAC	TGGCCACCAGGGGGCGCTA	+
chr19:43745367-43745548	MA0139.1	-4	0.000873499	0.000873499	0.000873499	15	ACTTTCACCACCAGGGGGT	TGGCCACCAGGGGGCGCTA	+
chr19:17453515-17453707	MA0139.1	5	0.506161	0.506161	0.506161	12	AGAACCTGGCTT	TGGCCACCAGGGGGCGCTA	+
chr6:36885687-36885891	MA0139.1	0	0.403613	0.403613	0.403613	11	GAGCCAGAACG	TGGCCACCAGGGGGCGCTA	+
chr8:29340276-29340468	MA0139.1	7	0.0871798	0.0871798	0.0871798	12	CAGAAAGAACTC	TGGCCACCAGGGGGCGCTA	+
chr7:73451889-73452080	MA0139.1	6	0.492626	0.492626	0.492626	11	CTTGAGAACTG	TGGCCACCAGGGGGCGCTA	+
chr6:32118890-32119095	MA0139.1	1	0.919053	0.919053	0.919053	12	AGATACTCTTTC	TGGCCACCAGGGGGCGCTA	+
chr6:41936382-41936583	MA0139.1	1	0.655125	0.655125	0.655125	8	AGATACTT	TGGCCACCAGGGGGCGCTA	+
chr1:220776791-220776969	MA0139.1	1	0.373309	0.373309	0.373309	9	AGATACTTG	TGGCCACCAGGGGGCGCTA	+
chr16:68800368-68800551	MA0139.1	8	0.131624	0.131624	0.131624	6	AGATAG	TGGCCACCAGGGGGCGCTA	+
chr1:207499601-207499791	MA0139.1	5	0.347455	0.347455	0.347455	11	GCAAGATAGAA	TGGCCACCAGGGGGCGCTA	+
chr11:61385012-61385203	MA0139.1	-1	0.27072	0.27072	0.27072	9	ATGTCCTTCT	TGGCCACCAGGGGGCGCTA	+
chr3:42191241-42191412	MA0139.1	-3	0.474963	0.474963	0.474963	13	AGCTGTAGAGCACCTG	TGGCCACCAGGGGGCGCTA	+
chr8:144316044-144316236	MA0139.1	6	0.502462	0.502462	0.502462	8	CCTGGGAA	TGGCCACCAGGGGGCGCTA	+
chr2:11132691-11132877	MA0139.1	8	0.186872	0.186872	0.186872	11	AGGAAGCTTCA	TGGCCACCAGGGGGCGCTA	+
chr1:208245330-208245519	MA0139.1	5	0.659311	0.659311	0.659311	10	ATAAGCTTCC	TGGCCACCAGGGGGCGCTA	+
chr6:142823020-142823210	MA0139.1	10	0.394319	0.394319	0.394319	9	AGCGTCCTA	TGGCCACCAGGGGGCGCTA	+
chr17:60142964-60143155	MA0139.1	8	0.791428	0.791428	0.791428	11	AGGAAGGACAGA	TGGCCACCAGGGGGCGCTA	+
chr11:8209307-8209486	MA0139.1	5	0.235752	0.235752	0.235752	10	ATCAGGACAC	TGGCCACCAGGGGGCGCTA	+
chr19:19146102-19146298	MA0139.1	2	0.574196	0.574196	0.574196	14	AGGACCCTGGGAAA	TGGCCACCAGGGGGCGCTA	+
chr12:109264218-109264410	MA0139.1	3	0.540848	0.540848	0.540848	11	CGACAAGGACC	TGGCCACCAGGGGGCGCTA	+
chr6:31441703-31441896	MA0139.1	-1	0.266555	0.266555	0.266555	12	CCAGCCAGGACGT	TGGCCACCAGGGGGCGCTA	+
chr17:63425474-63425670	MA0139.1	8	0.367505	0.367505	0.367505	11	AGGAGCTGCTTC	TGGCCACCAGGGGGCGCTA	+
chr15:65824231-65824403	MA0139.1	7	0.296494	0.296494	0.296494	8	CAGGCTTC	TGGCCACCAGGGGGCGCTA	+
chr12:49967510-49967691	MA0139.1	-1	0.0974727	0.0974727	0.0974727	14	CAGGCTTCCAGCTAG	TGGCCACCAGGGGGCGCTA	+
chr5:151652117-151652299	MA0139.1	7	0.363133	0.363133	0.363133	10	CAGGCTTCCC	TGGCCACCAGGGGGCGCTA	+
chr7:157298509-157298710	MA0139.1	-1	0.561334	0.561334	0.561334	8	CAGGCTTCC	TGGCCACCAGGGGGCGCTA	+
chr11:119374240-119374438	MA0139.1	7	0.699318	0.699318	0.699318	11	CAGGCTTCCTC	TGGCCACCAGGGGGCGCTA	+
chr1:202009617-202009801	MA0139.1	7	0.469243	0.469243	0.469243	9	CAGGCTTCT	TGGCCACCAGGGGGCGCTA	+
chr19:1244462-1244662	MA0139.1	7	0.41305	0.41305	0.41305	11	CAGGCTTCTGC	TGGCCACCAGGGGGCGCTA	+
chr19:17282739-17282923	MA0139.1	-1	0.255913	0.255913	0.255913	15	AGGGACACCTGGAGTG	TGGCCACCAGGGGGCGCTA	+
chr5:154405284-154405475	MA0139.1	1	0.239996	0.239996	0.239996	12	AGGTTCTAGGTT	TGGCCACCAGGGGGCGCTA	+
chr7:108181152-108181329	MA0139.1	8	0.140571	0.140571	0.140571	9	ATGTAGTAC	TGGCCACCAGGGGGCGCTA	+
chr7:65307838-65308034	MA0139.1	0	0.624618	0.624618	0.624618	11	AGTACACAACT	TGGCCACCAGGGGGCGCTA	+
chr4:56301580-56301753	MA0139.1	7	0.245009	0.245009	0.245009	11	CACGGAGTACA	TGGCCACCAGGGGGCGCTA	+
chr3:38003444-38003592	MA0139.1	-1	0.39509	0.39509	0.39509	12	CCCACAAGTACAG	TGGCCACCAGGGGGCGCTA	+
chr15:89129609-89129771	MA0139.1	6	0.3546	0.3546	0.3546	9	GCAGTGAGA	TGGCCACCAGGGGGCGCTA	+
chr3:38004483-38004654	MA0139.1	6	0.664475	0.664475	0.664475	10	GCAGTGAGAC	TGGCCACCAGGGGGCGCTA	+
chr10:86377309-86377492	MA0139.1	8	0.67618	0.67618	0.67618	10	GCAGTGCAAT	TGGCCACCAGGGGGCGCTA	+
chr7:35424966-35425156	MA0139.1	13	0.665276	0.665276	0.665276	6	GCAGTGCA	TGGCCACCAGGGGGCGCTA	+
chr7:107048604-107048774	MA0139.1	-6	0.885185	0.885185	0.885185	9	ATAAGCCAGGCACCT	TGGCCACCAGGGGGCGCTA	+
chr1:89763040-89763255	MA0139.1	7	0.634684	0.634684	0.634684	8	GATAAGGC	TGGCCACCAGGGGGCGCTA	+
chr5:178730740-178730922	MA0139.1	8	0.28317	0.28317	0.28317	9	ATAGGGAAA	TGGCCACCAGGGGGCGCTA	+
chr6:16332191-16332396	MA0139.1	4	0.505767	0.505767	0.505767	8	GATAAGGG	TGGCCACCAGGGGGCGCTA	+
chr16:77584334-77584494	MA0139.1	0	0.588969	0.588969	0.588969	10	ATAATAATAG	TGGCCACCAGGGGGCGCTA	+
chr21:34367435-34367615	MA0139.1	7	0.578004	0.578004	0.578004	11	ATAATAGAACT	TGGCCACCAGGGGGCGCTA	+
chr5:174327379-174327567	MA0139.1	4	0.222725	0.222725	0.222725	12	CACTTAATAATA	TGGCCACCAGGGGGCGCTA	+
chr5:112551524-112551694	MA0139.1	0	0.803294	0.803294	0.803294	16	ATAATATTTAAGGAAA	TGGCCACCAGGGGGCGCTA	+
chr5:173619027-173619204	MA0139.1	5	0.799438	0.799438	0.799438	10	ATTAATAATC	TGGCCACCAGGGGGCGCTA	+
chr6:134178561-134178738	MA0139.1	0	0.207938	0.207938	0.207938	13	ATACTCCCTGGTG	TGGCCACCAGGGGGCGCTA	+
chr14:22986649-22986845	MA0139.1	5	0.143813	0.143813	0.143813	7	AATAGTT	TGGCCACCAGGGGGCGCTA	+
chr12:56119433-56119637	MA0139.1	1	0.731697	0.731697	0.731697	17	CACCGCATAGGAAAGGC	TGGCCACCAGGGGGCGCTA	+
chr17:63612328-63612514	MA0139.1	-1	0.545861	0.545861	0.545861	14	GCAGTTAATAGGAAA	TGGCCACCAGGGGGCGCTA	+
chr13:91134305-91134499	MA0139.1	1	0.495807	0.495807	0.495807	10	ATTAATCAGA	TGGCCACCAGGGGGCGCTA	+
chr1:19341555-19341762	MA0139.1	5	0.279505	0.279505	0.279505	7	ACCTCGT	TGGCCACCAGGGGGCGCTA	+
chr12:57001516-57001698	MA0139.1	5	0.500822	0.500822	0.500822	12	ATCAGGATAAAT	TGGCCACCAGGGGGCGCTA	+
chr3:10758659-10758859	MA0139.1	5	0.163257	0.163257	0.163257	14	ATCAGGGATCAGGG	TGGCCACCAGGGGGCGCTA	+
chr6:1436781-1436985	MA0139.1	-2	0.490673	0.490673	0.490673	12	CACCGCCATCTCAT	TGGCCACCAGGGGGCGCTA	+
chr10:63866519-63866704	MA0139.1	9	0.798769	0.798769	0.798769	10	GATAAATCTC	TGGCCACCAGGGGGCGCTA	+
chr16:2251583-2251776	MA0139.1	3	0.866746	0.866746	0.866746	13	CCTGGATCTGGGC	TGGCCACCAGGGGGCGCTA	+
chr16:20849964-20850166	MA0139.1	1	0.574703	0.574703	0.574703	7	GATAAGT	TGGCCACCAGGGGGCGCTA	+
chr5:157328501-157328684	MA0139.1	2	0.0337271	0.0337271	0.0337271	17	ATTAATACATGTCAGTG	TGGCCACCAGGGGGCGCTA	+
chrX:15973399-15973606	MA0139.1	-1	0.508007	0.508007	0.508007	11	ATGTCCTTAGGA	TGGCCACCAGGGGGCGCTA	+
chr6:38494042-38494218	MA0139.1	2	0.699368	0.699368	0.699368	8	ATCTTTAA	TGGCCACCAGGGGGCGCTA	+
chr19:18328414-18328612	MA0139.1	11	0.905723	0.905723	0.905723	7	GATTGGT	TGGCCACCAGGGGGCGCTA	+
chr1:93062292-93062459	MA0139.1	-3	0.873613	0.873613	0.873613	5	GATTGGTT	TGGCCACCAGGGGGCGCTA	+
chr1:173431274-173431462	MA0139.1	-2	0.619988	0.619988	0.619988	15	ATTGTTGGGCCTTGGGC	TGGCCACCAGGGGGCGCTA	+
chr21:38352705-38352895	MA0139.1	3	0.804806	0.804806	0.804806	16	CATGAAATTGTTTCCTT	TGGCCACCAGGGGGCGCTA	+
chr6:31366979-31367172	MA0139.1	4	0.125951	0.125951	0.125951	8	CACCACGC	TGGCCACCAGGGGGCGCTA	+
chr11:75445410-75445597	MA0139.1	3	0.101603	0.101603	0.101603	12	CAAGGATTGGGC	TGGCCACCAGGGGGCGCTA	+
chr11:119666477-119666650	MA0139.1	1	0.00924606	0.00924606	0.00924606	12	CACCACCACAGG	TGGCCACCAGGGGGCGCTA	+
chr3:50324651-50324829	MA0139.1	1	0.0397028	0.0397028	0.0397028	10	CACCACCACA	TGGCCACCAGGGGGCGCTA	+
chr19:44723952-44724152	MA0139.1	1	0.0430816	0.0430816	0.0430816	17	CACCACCAGCCAGGTCT	TGGCCACCAGGGGGCGCTA	+
chr8:6919403-6919569	MA0139.1	-4	0.00133427	0.00133427	0.00133427	14	CACTTCACCACCAGGGGG	TGGCCACCAGGGGGCGCTA	+
chr1:226333503-226333691	MA0139.1	1	0.203329	0.203329	0.203329	11	CACCACCGCAT	TGGCCACCAGGGGGCGCTA	+
chr3:172750455-172750652	MA0139.1	4	0.523024	0.523024	0.523024	13	CACCACCGCCACC	TGGCCACCAGGGGGCGCTA	+
chr3:115784583-115784759	MA0139.1	4	0.208597	0.208597	0.208597	11	CACCACCGCCC	TGGCCACCAGGGGGCGCTA	+
chr16:2140676-2140869	MA0139.1	4	0.225988	0.225988	0.225988	13	CACCACCGCCCCC	TGGCCACCAGGGGGCGCTA	+
chr5:138503833-138504028	MA0139.1	1	0.00738227	0.00738227	0.00738227	13	CACCACCTTGTGG	TGGCCACCAGGGGGCGCTA	+
chr19:7925236-7925441	MA0139.1	4	0.0978846	0.0978846	0.0978846	13	CACCACGAGCAGG	TGGCCACCAGGGGGCGCTA	+
chr19:53842178-53842372	MA0139.1	4	0.0198614	0.0198614	0.0198614	11	CACCACGGAGT	TGGCCACCAGGGGGCGCTA	+
chr1:212477230-212477429	MA0139.1	1	0.360447	0.360447	0.360447	13	CACCGCCACATCT	TGGCCACCAGGGGGCGCTA	+
chr19:51016850-51017036	MA0139.1	-2	0.0818149	0.0818149	0.0818149	15	CACCGCCCCCTGGCGGC	TGGCCACCAGGGGGCGCTA	+
chr2:70768150-70768331	MA0139.1	2	0.702595	0.702595	0.702595	13	GCCCCCCACCGCC	TGGCCACCAGGGGGCGCTA	+
chr16:1706008-1706215	MA0139.1	0	0.942004	0.942004	0.942004	18	GCGCGGGCACCGCCCCCT	TGGCCACCAGGGGGCGCTA	+
chr5:39217861-39218058	MA0139.1	1	0.409239	0.409239	0.409239	18	CACCGCCTGCACTTACTCT	TGGCCACCAGGGGGCGCTA	+
chr11:118145381-118145582	MA0139.1	1	0.485007	0.485007	0.485007	14	CACCGCCTGGGCCA	TGGCCACCAGGGGGCGCTA	+
chrX:153507626-153507810	MA0139.1	3	0.937457	0.937457	0.937457	16	CACCGCGCAGGCCATG	TGGCCACCAGGGGGCGCTA	+
chr7:101244292-101244486	MA0139.1	7	0.124357	0.124357	0.124357	12	CAGGCACCGCTC	TGGCCACCAGGGGGCGCTA	+
chr7:155797036-155797216	MA0139.1	6	0.379529	0.379529	0.379529	13	CCAGCCACCGCTCTC	TGGCCACCAGGGGGCGCTA	+
chr15:88546660-88546846	MA0139.1	9	0.340222	0.340222	0.340222	10	CACGGCACTGTT	TGGCCACCAGGGGGCGCTA	+
chr17:56961028-56961213	MA0139.1	4	0.271097	0.271097	0.271097	12	CACGGCAGGGCT	TGGCCACCAGGGGGCGCTA	+
chr8:141084396-141084589	MA0139.1	3	0.43809	0.43809	0.43809	12	CAGGCACTTAGC	TGGCCACCAGGGGGCGCTA	+
chr1:204360071-204360239	MA0139.1	0	0.584032	0.584032	0.584032	12	GAGCCAGAAACT	TGGCCACCAGGGGGCGCTA	+
chr7:135558555-135558747	MA0139.1	7	0.690776	0.690776	0.690776	8	CAAGGATT	TGGCCACCAGGGGGCGCTA	+
chr16:78003037-78003220	MA0139.1	-1	0.0746966	0.0746966	0.0746966	15	GCTCCTCCCAGAAGGC	TGGCCACCAGGGGGCGCTA	+
chr8:60660567-60660768	MA0139.1	7	0.598064	0.598064	0.598064	12	CAGGCACCTGCAGTTC	TGGCCACCAGGGGGCGCTA	+
chr1:224457613-224457789	MA0139.1	3	0.34834	0.34834	0.34834	14	CCAGCCAGGCACTT	TGGCCACCAGGGGGCGCTA	+
chr17:78422105-78422319	MA0139.1	-1	0.246256	0.246256	0.246256	14	CCAGCCAGGCTGGGG	TGGCCACCAGGGGGCGCTA	+
chr17:75845295-75845486	MA0139.1	-1	0.696485	0.696485	0.696485	18	CCAGCCAGGCCCTGGGGAC	TGGCCACCAGGGGGCGCTA	+
chr1:202315689-202315898	MA0139.1	-8	0.817905	0.817905	0.817905	10	CCTGGCCTTGCCCAGCCC	TGGCCACCAGGGGGCGCTA	+
chr15:64153633-64153828	MA0139.1	6	0.0803285	0.0803285	0.0803285	13	CCTGGCGACAGCAG	TGGCCACCAGGGGGCGCTA	+
chr19:18113068-18113253	MA0139.1	-4	0.755983	0.755983	0.755983	13	CCTTGGGCCTGGCGGGG	TGGCCACCAGGGGGCGCTA	+
chr1:244796916-244797098	MA0139.1	-2	0.203769	0.203769	0.203769	13	CCTGGCTTATTGTTG	TGGCCACCAGGGGGCGCTA	+
chr1:110207836-110208020	MA0139.1	2	0.199574	0.199574	0.199574	8	CACAGTAG	TGGCCACCAGGGGGCGCTA	+
chr6:32085903-32086061	MA0139.1	6	0.693125	0.693125	0.693125	13	CCTGGGCCCCTTGC	TGGCCACCAGGGGGCGCTA	+
chr1:6438100-6438300	MA0139.1	-1	0.554133	0.554133	0.554133	8	ATAGACCCT	TGGCCACCAGGGGGCGCTA	+
chr19:11587715-11587912	MA0139.1	7	0.346095	0.346095	0.346095	12	CCTTGGGCAGTGAAG	TGGCCACCAGGGGGCGCTA	+
chr2:20098253-20098453	MA0139.1	3	0.43457	0.43457	0.43457	13	CCTTGTAATGTCA	TGGCCACCAGGGGGCGCTA	+
chr1:167059235-167059424	MA0139.1	-5	0.117637	0.117637	0.117637	12	CCTTGTGGTCAGAAAGG	TGGCCACCAGGGGGCGCTA	+
chr2:42827686-42827874	MA0139.1	0	0.779993	0.779993	0.779993	9	CGACAGCGA	TGGCCACCAGGGGGCGCTA	+
chr5:142713175-142713366	MA0139.1	4	0.690009	0.690009	0.690009	8	CGACAGCG	TGGCCACCAGGGGGCGCTA	+
chrX:130060583-130060773	MA0139.1	8	0.592979	0.592979	0.592979	9	CGACAGCGC	TGGCCACCAGGGGGCGCTA	+
chr10:43461976-43462149	MA0139.1	-4	0.00512648	0.00512648	0.00512648	13	GCAGTGACCTCTAGTGG	TGGCCACCAGGGGGCGCTA	+
chr10:13440562-13440758	MA0139.1	6	0.287985	0.287985	0.287985	13	GCAGGGGACAGAGCACG	TGGCCACCAGGGGGCGCTA	+

# Tomtom (Motif Comparison Tool): Version 5.1.1 compiled on Feb  1 2020 at 23:13:16
# The format of this file is described at http://meme-suite.org//doc/tomtom-output-format.html.
# tomtom -no-ssc -oc . -verbosity 1 -min-overlap 5 -dist pearson -evalue -thresh 10.0 -norc query_motifs MA0139.1.meme
